is_number,title,reviewed_in,status,department,technical_committee,number_of_revisions,number_of_amendments,type_of_standard,reaffirmation_year,source_url,search_keyword,superseding_is,group,sub_group,sub_sub_group,relevant_ministries,short_common_man_title,certification,search_text,semantic_score,faiss_rank
IS 269:2013,"Ordinary Portland Cement, 33 Grade",Unknown,Withdrawn,Civil Engineering Department(CED),CED 02 - Cement And Concrete,05,01,Product Specification,--,https://standards.bis.gov.in/website/standard-details?encryptedId=eyJpdiI6InBkZ2E4VWJyd0pqTE5iTjI0bTlHNVE9PSIsInZhbHVlIjoiT0dSOGZwRWlpUk00Y0tXVEZ0bXJWdz09IiwibWFjIjoiNTlkMGI1MDM2YmEyYWYxYzk4ZmE4NmZhNjEwNDY5NmQ5NmVjNTRjYTM0MmE5YTYzMDFjNTRlNjFhZmVlNDQ4ZSIsInRhZyI6IiJ9&standardNumber=IS%20269:2013,cement,Not Available,Building Materials including Paints,"Cement, concrete and Allied Products",Cement and its Testing,Ministry of Housing and Urban Affairs,Cement,Mandatory Certification,"ordinary portland cement, 33 grade. building materials including paints. cement, concrete and allied products. cement and its testing. cement. civil engineering department(ced). ced 02 - cement and concrete. product specification. ministry of housing and urban affairs",0.6512829,1
IS 269:2015,Ordinary portland cement - Specification (Sixth Revision),2025.0,Current,Civil Engineering Department(CED),CED 02 - Cement And Concrete,06,01,Product Specification,"Dec, 2025",https://standards.bis.gov.in/website/standard-details?encryptedId=eyJpdiI6ImoxNmVzR3VmNm1iWkFkbFJkbk4rMmc9PSIsInZhbHVlIjoiRXFaNy9JODd5bDdsQkxLOWVVcG94UT09IiwibWFjIjoiZTAxMzEwZjI2M2M2Njg2YjhkMDQxZjRmY2FlMzk3MzI1NjBjOGFhMDY0YTM3ZTJhNjk4ZDE2YjI3YjRiNGIxZiIsInRhZyI6IiJ9&standardNumber=IS%20269:2015,cement,Not Available,Building Materials including Paints,"Cement, concrete and Allied Products",Cement and its Testing,Ministry of Housing and Urban Affairs,Cement,Mandatory Certification,"ordinary portland cement - specification (sixth revision). building materials including paints. cement, concrete and allied products. cement and its testing. cement. civil engineering department(ced). ced 02 - cement and concrete. product specification. ministry of housing and urban affairs",0.65029716,2
IS 12269:1987,Specification for 53 grade ordinary Portland cement (BI-LINGUAL),Unknown,Withdrawn,Civil Engineering Department(CED),CED 02 - Cement And Concrete,New Standard,08,Unknown,"Jan, 2008",https://standards.bis.gov.in/website/standard-details?encryptedId=eyJpdiI6ImZKR2FoZ1YxSEVkZXVWUDBCS0dYeUE9PSIsInZhbHVlIjoiNC9BODVOZFVPM3BIbmRIM2dDY1R4dz09IiwibWFjIjoiOWIzMTBkODBmZjNhZjFmMzJjMWY1Y2M1YTQ5MzA1YWE4NDk5Y2ExMjBmOWFkMzI5MDIyNWEyNmEwNzI5MmRlNCIsInRhZyI6IiJ9&standardNumber=IS%2012269:1987,cement,Not Available,Unknown,Unknown,Unknown,Unknown,Unknown,Unknown,specification for 53 grade ordinary portland cement (bi-lingual). civil engineering department(ced). ced 02 - cement and concrete,0.63739157,3
IS 12269:2013,"Ordinary Portland cement, 53 grade",2021.0,Withdrawn,Civil Engineering Department(CED),CED 02 - Cement And Concrete,01,01,Product Specification,--,https://standards.bis.gov.in/website/standard-details?encryptedId=eyJpdiI6IjlkYXlvb3U5UkpJUVB0RUhhU3drS1E9PSIsInZhbHVlIjoidUZVV3lvKzNHbUUxOExJYlRRcCswdz09IiwibWFjIjoiOWI3MTgxNzUxZDM5MDdmM2Y3MWQ0MTk0NjJhYTI4OGRkZGQwMjMwODhmZjcyOGVmOTIzNDA4NmU5NDlmYmQ2MSIsInRhZyI6IiJ9&standardNumber=IS%2012269:2013,cement,Not Available,Building Materials including Paints,"Cement, concrete and Allied Products",Cement and its Testing,Unknown,"Ordinary Portland cement, 53 grade",Unknown,"ordinary portland cement, 53 grade. building materials including paints. cement, concrete and allied products. cement and its testing. ordinary portland cement, 53 grade. civil engineering department(ced). ced 02 - cement and concrete. product specification",0.63016486,4
IS 8112:2013,"Ordinary Portland Cement, 43 Grade",2021.0,Withdrawn,Civil Engineering Department(CED),CED 02 - Cement And Concrete,02,01,Product Specification,--,https://standards.bis.gov.in/website/standard-details?encryptedId=eyJpdiI6InhQWFdOQmpIYTVUWSswNkRpbUl3aGc9PSIsInZhbHVlIjoiNXgxOTFHQXIxaUhyUUNFVFIzRmUxdz09IiwibWFjIjoiMDc5NWFhMjc4ZGM3NTJhNDE5YzkwYzBhNmE4OWJkNzAwNTU5ZDM2NjZkMWNlMmU3ZTAzODJlNTViNmJhZDYyOCIsInRhZyI6IiJ9&standardNumber=IS%208112:2013,cement,Not Available,Building Materials including Paints,"Cement, concrete and Allied Products",Cement and its Testing,Unknown,"Ordinary Portland Cement, 43 Grade",Unknown,"ordinary portland cement, 43 grade. building materials including paints. cement, concrete and allied products. cement and its testing. ordinary portland cement, 43 grade. civil engineering department(ced). ced 02 - cement and concrete. product specification",0.627859,5
IS 8042:1989,White Portland Cement -,Unknown,Withdrawn,Civil Engineering Department(CED),CED 02 - Cement And Concrete,02,06,Product Specification,"Jan, 2009",https://standards.bis.gov.in/website/standard-details?encryptedId=eyJpdiI6IjRtbiszSHo2Mk8rM1VZVHE1MHNNcmc9PSIsInZhbHVlIjoiQzdSQ3I5SHVWbk1CbWN6N1pUbzVCdz09IiwibWFjIjoiZjFhOGYyNWU0YjVmZTQ2OTlhMjgzNjdlZTFlZTBmZmNkZDYxNGRhNjI5NjQ2YWE0NGYzMWFkY2QzNTdjZDg0NSIsInRhZyI6IiJ9&standardNumber=IS%208042:1989,cement,Not Available,Building Materials including Paints,"Cement, concrete and Allied Products",Cement and its Testing,Ministry of Commerce and Industry - Department for Promotion of Industry and Internal Trade (DPIIT),white cement,Mandatory Certification,"white portland cement -. building materials including paints. cement, concrete and allied products. cement and its testing. white cement. civil engineering department(ced). ced 02 - cement and concrete. product specification. ministry of commerce and industry - department for promotion of industry and internal trade (dpiit)",0.6199555,6
IS 16993:2018,Microfine Ordinary Portland Cement - Specification,2023.0,Current,Civil Engineering Department(CED),CED 02 - Cement And Concrete,New Standard,01,Product Specification,"Jun, 2023",https://standards.bis.gov.in/website/standard-details?encryptedId=eyJpdiI6Imtxd0ZmVFNrR1h3VE9BT2RFcUJYNHc9PSIsInZhbHVlIjoiazVhdmxMZkhPbEpqTzk4ZDR2UUJNZz09IiwibWFjIjoiNWIyZTFiZjhmN2Y1NDhjNTMzMmQxYzRjZmNmYWJkMGFlZDBlZmRmMjg4OGFkOGVkYjdmNmRkZTlkM2Y2MjM0OSIsInRhZyI6IiJ9&standardNumber=IS%2016993:2018,cement,Not Available,Building Materials including Paints,"Cement, concrete and Allied Products","Concrete, Concrete admixrurers & additives and testing","Ministry of Consumer Affairs, Food and Public Distribution - Department of Consumer Affairs",Unknown,Mandatory Certification,"microfine ordinary portland cement - specification. building materials including paints. cement, concrete and allied products. concrete, concrete admixrurers & additives and testing. civil engineering department(ced). ced 02 - cement and concrete. product specification. ministry of consumer affairs, food and public distribution - department of consumer affairs",0.6115428,7
IS 18189:2023,Portland Calcined Clay Limestone Cement - Specification,Unknown,Unknown,Civil Engineering Department(CED),CED 02 - Cement And Concrete,New Standard,No amendment issued,Product Specification,--,https://standards.bis.gov.in/website/standard-details?encryptedId=eyJpdiI6Im5TQW5Dc0s5QW9aV05SbGtCWklGMXc9PSIsInZhbHVlIjoiTEs3cHFOZHl0OE52YXlQWWN6WWJidz09IiwibWFjIjoiOTQzY2YzNGI3N2Y4ODQ1MzM3YmZjOGVmODI0MTRiYjYzYzZiZWY4MjZlYmI0ZjNkYjE0ZTExZDgwZGI4OTE3NyIsInRhZyI6IiJ9&standardNumber=IS%2018189:2023,cement,Not Available,Building Materials including Paints,"Cement, concrete and Allied Products",Cement and its Testing,Ministry of Commerce and Industry,Limestone Calcined Clay Cement,Voluntary Certification,"portland calcined clay limestone cement - specification. building materials including paints. cement, concrete and allied products. cement and its testing. limestone calcined clay cement. civil engineering department(ced). ced 02 - cement and concrete. product specification. ministry of commerce and industry",0.5878944,8
IS 8042:2015,White Portland Cement - Specification (Third Revision),2025.0,Current,Civil Engineering Department(CED),CED 02 - Cement And Concrete,03,01,Product Specification,"Dec, 2025",https://standards.bis.gov.in/website/standard-details?encryptedId=eyJpdiI6InphK0U0UWowZGxuS0pqMTBWdWJVNmc9PSIsInZhbHVlIjoiQTBHWUdUVmkrR1g2UU42WDNkc2pxZz09IiwibWFjIjoiMTVkNTU4MGExYjVjZmE1MDU5ZjkzNGUxYTgyNjUxNjI2NDRhZGZiM2QzNTJiMzM1MWFhZWY1MTJjYjY1MzA0ZSIsInRhZyI6IiJ9&standardNumber=IS%208042:2015,cement,Not Available,Building Materials including Paints,"Cement, concrete and Allied Products",Cement and its Testing,Ministry of Commerce and Industry - Department for Promotion of Industry and Internal Trade (DPIIT),white cement,Mandatory Certification,"white portland cement - specification (third revision). building materials including paints. cement, concrete and allied products. cement and its testing. white cement. civil engineering department(ced). ced 02 - cement and concrete. product specification. ministry of commerce and industry - department for promotion of industry and internal trade (dpiit)",0.5807022,9
IS 8043:1991,Hydrophobic Portland Cement - Specification (Second Revision),2024.0,Current,Civil Engineering Department(CED),CED 02 - Cement And Concrete,02,03,Product Specification,"Mar, 2024",https://standards.bis.gov.in/website/standard-details?encryptedId=eyJpdiI6Img3NWtWcUxHenRad3hyaXZPUDIrckE9PSIsInZhbHVlIjoiVWRkbTlCZzkxWE1nSzM3UTVMblQwdz09IiwibWFjIjoiMjRiMjAzYjZjYmM2N2JiMzMwYWQyM2Q5MzI1NDU5MmU2MTk4NjA0NmExNzdkMjgxM2ZmOTZjNmZjNmUxNjEyZiIsInRhZyI6IiJ9&standardNumber=IS%208043:1991,cement,Not Available,Building Materials including Paints,"Cement, concrete and Allied Products",Cement and its Testing,"Ministry of Commerce and Industry - Department for Promotion of Industry and Internal Trade (DPIIT), Ministry of Housing and Urban Affairs",Hydrophobic Portland cement,Unknown,"hydrophobic portland cement - specification (second revision). building materials including paints. cement, concrete and allied products. cement and its testing. hydrophobic portland cement. civil engineering department(ced). ced 02 - cement and concrete. product specification. ministry of commerce and industry - department for promotion of industry and internal trade (dpiit), ministry of housing and urban affairs",0.5800079,10
IS 6884:1983,Dental Silicate Cement,2021.0,Withdrawn,Medical Equipment And Hospital Planning Department(MHD),MHD 08 - Dentistry,01,No amendment issued,Unknown,--,https://standards.bis.gov.in/website/standard-details?encryptedId=eyJpdiI6IkhFMlpabmF6Q1NpN1R0WkxjMkU5T3c9PSIsInZhbHVlIjoiaFN2ckFGNkVGbnIxUUFGYVMxNnVaZz09IiwibWFjIjoiNmMyMDBjZjQ0ODc3YjhhNzEzZWM5MjdlYTZhNjNkNWJjYjZlMjhlZmI3YzE0MmU2OGFjOGNkZjVmZTZiMmI3MSIsInRhZyI6IiJ9&standardNumber=IS%206884:1983,cement,Not Available,Unknown,Unknown,Unknown,Unknown,Unknown,Unknown,dental silicate cement. medical equipment and hospital planning department(mhd). mhd 08 - dentistry,0.57693136,11
IS 516 (Part 11):2020,Hardened Concrete - Methods of Test: Part 11 Determination of Portland Cement Content of Hardened Hydraulic Cement Concrete ( First Revision ),2024.0,Current,Civil Engineering Department(CED),CED 02 - Cement And Concrete,New Standard,No amendment issued,Methods of tests,"Sep, 2024",https://standards.bis.gov.in/website/standard-details?encryptedId=eyJpdiI6IjhIRlZ4TW1LK2pwRUZvTy9uNy9QS0E9PSIsInZhbHVlIjoiMG5Ka1ZORW9QQVBGU0hHKzNVbnU4Zz09IiwibWFjIjoiMjI0MWNjNjQ1NmE4ZDcyNzI1NzNkYzcwZmM4YTJjZmMyOGFkMGNhNzlhMmEwMDk4ZTYyMDMzMmMwMGU5NTk3ZSIsInRhZyI6IiJ9&standardNumber=IS%20516%20(Part%2011):2020,concrete,Not Available,Civil Engineering Design and Construction,"Construction practices, measurement and management","General Construction, Painting and Glazing",Ministry of Housing and Urban Poverty Alleviation,Cement content of OPC,Unknown,"hardened concrete - methods of test: part 11 determination of portland cement content of hardened hydraulic cement concrete ( first revision ). civil engineering design and construction. construction practices, measurement and management. general construction, painting and glazing. cement content of opc. civil engineering department(ced). ced 02 - cement and concrete. methods of tests. ministry of housing and urban poverty alleviation",0.5753002,12
IS 516 (Part 11):2020,Hardened Concrete - Methods of Test: Part 11 Determination of Portland Cement Content of Hardened Hydraulic Cement Concrete ( First Revision ),2024.0,Current,Civil Engineering Department(CED),CED 02 - Cement And Concrete,New Standard,No amendment issued,Methods of tests,"Sep, 2024",https://standards.bis.gov.in/website/standard-details?encryptedId=eyJpdiI6IkFBaHJQYTdYaHcrUUdXS3JMY2RXS1E9PSIsInZhbHVlIjoiaUY2d1JSZ1JlRXlydDZ4ZVlqVHU4UT09IiwibWFjIjoiZmE4MjA1OTE3Yzc4MzA3ZTU2ZDc4NjdhNWVhZjQxYTYzZTYyYTQyY2MyYjI5YTAwNzYwNTk0ZjljNjgyMzQxMCIsInRhZyI6IiJ9&standardNumber=IS%20516%20(Part%2011):2020,cement,Not Available,Civil Engineering Design and Construction,"Construction practices, measurement and management","General Construction, Painting and Glazing",Ministry of Housing and Urban Poverty Alleviation,Cement content of OPC,Unknown,"hardened concrete - methods of test: part 11 determination of portland cement content of hardened hydraulic cement concrete ( first revision ). civil engineering design and construction. construction practices, measurement and management. general construction, painting and glazing. cement content of opc. civil engineering department(ced). ced 02 - cement and concrete. methods of tests. ministry of housing and urban poverty alleviation",0.5753002,13
IS 455:2015,Portland slag cement - Specification (fifth revision),2025.0,Current,Civil Engineering Department(CED),CED 02 - Cement And Concrete,05,02,Product Specification,"Dec, 2025",https://standards.bis.gov.in/website/standard-details?encryptedId=eyJpdiI6ImltVmJXWEg5YmUwdTl6c3JHdkNGWFE9PSIsInZhbHVlIjoiTjlQR3FtSGNNWGFpU1k4dlBDL3lIUT09IiwibWFjIjoiN2ExMmZmYmJiNTcxNzg1NTA2MjYyMWE3ZjJkYmQ4MTU4NzBkMzE3YmNlMmJmYWJiNjRjNGJiNTQ3Y2Y2NDc4NCIsInRhZyI6IiJ9&standardNumber=IS%20455:2015,cement,Not Available,Building Materials including Paints,"Cement, concrete and Allied Products",Cement and its Testing,"Ministry of Commerce and Industry - Department for Promotion of Industry and Internal Trade (DPIIT), Ministry of Housing and Urban Affairs",Portland Slag Cement,Mandatory Certification,"portland slag cement - specification (fifth revision). building materials including paints. cement, concrete and allied products. cement and its testing. portland slag cement. civil engineering department(ced). ced 02 - cement and concrete. product specification. ministry of commerce and industry - department for promotion of industry and internal trade (dpiit), ministry of housing and urban affairs",0.57343405,14
IS 8043:2026,Hydrophobic Portland Cement Specification Third Revision of IS 8043,Unknown,Unknown,Civil Engineering Department(CED),CED 02 - Cement And Concrete,03,No amendment issued,Product Specification,--,https://standards.bis.gov.in/website/standard-details?encryptedId=eyJpdiI6InZsMjN0ZUszK25oOHNjbmlBckw5MlE9PSIsInZhbHVlIjoiZlBXZzRjaFIvMU9UMFVVVmZFc2d0dz09IiwibWFjIjoiOTc2Y2YyZjY5YjM5MDNlNWJhYzA4OTk2NDliNjAyMDViZjJmNDdkMGE2YmQ3ODZlZGQ0YWU4NjFjMzdmYzFlYyIsInRhZyI6IiJ9&standardNumber=IS%208043:2026,cement,IS 8043:1991,Civil Engineering Design and Construction,Concrete structures,Special Structures,"Ministry of Consumer Affairs, Food and Public Distribution - Department of Consumer Affairs",Unknown,Unknown,"hydrophobic portland cement specification third revision of is 8043. civil engineering design and construction. concrete structures. special structures. civil engineering department(ced). ced 02 - cement and concrete. product specification. ministry of consumer affairs, food and public distribution - department of consumer affairs",0.55880606,15
IS 8041:2026,Rapid Hardening Portland Cement Specification Third Revision of IS 8041,Unknown,Unknown,Civil Engineering Department(CED),CED 02 - Cement And Concrete,03,No amendment issued,Product Specification,--,https://standards.bis.gov.in/website/standard-details?encryptedId=eyJpdiI6Im9HVVNDK1ZsQ2ZxZk5TMGgvT0R5RlE9PSIsInZhbHVlIjoiQnM4YnRLc0tGc3d3MUU4UmpkdnNXQT09IiwibWFjIjoiZWIyZTIzNDk4Yzc2ZjFlNjAxYjExMjc2YTUxNWY4MWE1YTExN2E5NWQyMWQxYWY0MGVjZjkzNzQxYmVhNmY0ZiIsInRhZyI6IiJ9&standardNumber=IS%208041:2026,cement,IS 8041:1990,Civil Engineering Design and Construction,Concrete structures,Special Structures,"Ministry of Consumer Affairs, Food and Public Distribution - Department of Consumer Affairs",Unknown,Mandatory Certification,"rapid hardening portland cement specification third revision of is 8041. civil engineering design and construction. concrete structures. special structures. civil engineering department(ced). ced 02 - cement and concrete. product specification. ministry of consumer affairs, food and public distribution - department of consumer affairs",0.55601513,16
IS 455:1989,Portland Slag Cement - Specification,Unknown,Withdrawn,Civil Engineering Department(CED),CED 02 - Cement And Concrete,04,06,Product Specification,"Jan, 2009",https://standards.bis.gov.in/website/standard-details?encryptedId=eyJpdiI6IlpEWG1GNkd0N0V2cFdaZ3VLZ3RqZUE9PSIsInZhbHVlIjoiRlE4T3RKOHNDdnV2OFhYenpsY0FmQT09IiwibWFjIjoiMmEyYjgxNTM4ZDBjY2Y4NmVlZjE5OWVlNTgxYTE2ODAzZTE4MjcwOTZhNDBkMTBiY2Q5N2U3YjQwNjYyZGE1MyIsInRhZyI6IiJ9&standardNumber=IS%20455:1989,cement,Not Available,Building Materials including Paints,"Cement, concrete and Allied Products",Cement and its Testing,"Ministry of Commerce and Industry - Department for Promotion of Industry and Internal Trade (DPIIT), Ministry of Housing and Urban Affairs",Portland Slag Cement,Mandatory Certification,"portland slag cement - specification. building materials including paints. cement, concrete and allied products. cement and its testing. portland slag cement. civil engineering department(ced). ced 02 - cement and concrete. product specification. ministry of commerce and industry - department for promotion of industry and internal trade (dpiit), ministry of housing and urban affairs",0.54889464,17
IS 1489 (Part 2):2015,Portland Pozzolana Cement - Specification: Part 2 Calcined Clay Based (Fourth Revision),2025.0,Current,Civil Engineering Department(CED),CED 02 - Cement And Concrete,04,No amendment issued,Product Specification,"Dec, 2025",https://standards.bis.gov.in/website/standard-details?encryptedId=eyJpdiI6IjU3M0I4bFFNckYrOG9PSHNEd3JCbGc9PSIsInZhbHVlIjoiZllzQU5ZZGJpODFyT2pBeHVnaFpHQT09IiwibWFjIjoiOWUxZTAxNGIxN2I2MDZmMDYzODk4NDE1MzNhZGM5NGYyZGY4ODViNjVlOWFhZmQ2MzY4NzdlN2IwYzFmMDBkOCIsInRhZyI6IiJ9&standardNumber=IS%201489%20(Part%202):2015,cement,Not Available,Building Materials including Paints,"Cement, concrete and Allied Products",Cement and its Testing,Ministry of Commerce and Industry - Department for Promotion of Industry and Internal Trade (DPIIT),PPC - Calcined clay based,Mandatory Certification,"portland pozzolana cement - specification: part 2 calcined clay based (fourth revision). building materials including paints. cement, concrete and allied products. cement and its testing. ppc - calcined clay based. civil engineering department(ced). ced 02 - cement and concrete. product specification. ministry of commerce and industry - department for promotion of industry and internal trade (dpiit)",0.5465627,18
IS 12600:1989,"Portland Cement, Low Heat - specification",2024.0,Current,Civil Engineering Department(CED),CED 02 - Cement And Concrete,New Standard,05,Product Specification,"Mar, 2024",https://standards.bis.gov.in/website/standard-details?encryptedId=eyJpdiI6ImVsQk5zZ2dCVjdwUzZDaUcvR25JdkE9PSIsInZhbHVlIjoiU0FwVkJwcjZNNTRaOXljcTRjUDdJQT09IiwibWFjIjoiN2RhMTRiZDgxZjcyZDI3MzUwM2YyZTNlNDAxNTMyYjUzYzE1NGFjYzY4NTM5NjYzNTc0NTVkMDc3NmVhMTBjMSIsInRhZyI6IiJ9&standardNumber=IS%2012600:1989,cement,Not Available,Building Materials including Paints,"Cement, concrete and Allied Products",Cement and its Testing,"Ministry of Commerce and Industry - Department for Promotion of Industry and Internal Trade (DPIIT), Ministry of Housing and Urban Affairs",Specification for low heat Portland cement,Unknown,"portland cement, low heat - specification. building materials including paints. cement, concrete and allied products. cement and its testing. specification for low heat portland cement. civil engineering department(ced). ced 02 - cement and concrete. product specification. ministry of commerce and industry - department for promotion of industry and internal trade (dpiit), ministry of housing and urban affairs",0.54249436,19
IS 1489 (Part 1):2015,Portland Pozzolana Cement - Specification: Part 1 fly Ash Based (Fourth Revision),2025.0,Current,Civil Engineering Department(CED),CED 02 - Cement And Concrete,04,01,Product Specification,"Dec, 2025",https://standards.bis.gov.in/website/standard-details?encryptedId=eyJpdiI6IkVRS0E0TGtSbnc2ZjRtbUYva1k2S1E9PSIsInZhbHVlIjoiTExpcXh5OFBzWVc5QkZJVVhtL2xqZz09IiwibWFjIjoiYTc5Njc2NmU1Njk5ODhjOGQ5OTFkY2Q0MDlhYWY0ZGNlZDVhM2Q2OTE1Y2FiOTg1YzU1ZDkwOWI0YjVjNjgxZSIsInRhZyI6IiJ9&standardNumber=IS%201489%20(Part%201)%20%20:%202015,cement,Not Available,Building Materials including Paints,"Cement, concrete and Allied Products",Cement and its Testing,Ministry of Commerce and Industry - Department for Promotion of Industry and Internal Trade (DPIIT),PPC- Fly Ash Based,Mandatory Certification,"portland pozzolana cement - specification: part 1 fly ash based (fourth revision). building materials including paints. cement, concrete and allied products. cement and its testing. ppc- fly ash based. civil engineering department(ced). ced 02 - cement and concrete. product specification. ministry of commerce and industry - department for promotion of industry and internal trade (dpiit)",0.5349231,20
IS 1489 (Part 1):1991,Specification for Portland pozzolana cement Part 1 Flyash based,Unknown,Withdrawn,Civil Engineering Department(CED),CED 02 - Cement And Concrete,03,05,Product Specification,"Jan, 2009",https://standards.bis.gov.in/website/standard-details?encryptedId=eyJpdiI6Imx4cGwwRWhxZnpEVmpuemFZTTN3bmc9PSIsInZhbHVlIjoiMWZsV25jbXVnOGhFSldKMkRpNzIzZz09IiwibWFjIjoiMzkwZjllMThhZmE1ZDU3NGE2ZDU2NmVjNTg2NzUzMjI1ZmVjZTNmMDRkMTQwMmE0OGYwNThjM2E3MmM2YTg2MyIsInRhZyI6IiJ9&standardNumber=IS%201489%20(Part%201):1991,cement,Not Available,Building Materials including Paints,"Cement, concrete and Allied Products",Cement and its Testing,Ministry of Commerce and Industry - Department for Promotion of Industry and Internal Trade (DPIIT),PPC- Fly Ash Based,Mandatory Certification,"specification for portland pozzolana cement part 1 flyash based. building materials including paints. cement, concrete and allied products. cement and its testing. ppc- fly ash based. civil engineering department(ced). ced 02 - cement and concrete. product specification. ministry of commerce and industry - department for promotion of industry and internal trade (dpiit)",0.5319099,21
IS 1489 (Part 2):1991,Specification for Portland-pozzolana cement Part 2 calcined clay based,Unknown,Withdrawn,Civil Engineering Department(CED),CED 02 - Cement And Concrete,03,04,Product Specification,"Jan, 2009",https://standards.bis.gov.in/website/standard-details?encryptedId=eyJpdiI6IndNa0xUQVpicU9BRWhnTE1teENuUEE9PSIsInZhbHVlIjoiT1NoODI1c1JYRUVYcWNsOGVGZHNIUT09IiwibWFjIjoiYWI3NTg4YjUxNTU1YjdjMjgyODhhZjA5ZjA1ZDJjMmYzMzZhYjRlZTQ1ZDM2ODk5MjI1OTgzODhkNmQ3NTdjYiIsInRhZyI6IiJ9&standardNumber=IS%201489%20(Part%202):1991,cement,Not Available,Building Materials including Paints,"Cement, concrete and Allied Products",Cement and its Testing,Ministry of Commerce and Industry - Department for Promotion of Industry and Internal Trade (DPIIT),PPC - Calcined clay based,Mandatory Certification,"specification for portland-pozzolana cement part 2 calcined clay based. building materials including paints. cement, concrete and allied products. cement and its testing. ppc - calcined clay based. civil engineering department(ced). ced 02 - cement and concrete. product specification. ministry of commerce and industry - department for promotion of industry and internal trade (dpiit)",0.52633166,22
IS 1298:1958,Methods of test for determination of free lime in portland cement,Unknown,Withdrawn,Civil Engineering Department(CED),CED 02 - Cement And Concrete,New Standard,No amendment issued,Unknown,--,https://standards.bis.gov.in/website/standard-details?encryptedId=eyJpdiI6Ik1rUG1GdlBzVFlFOGp4TmkySmM5eVE9PSIsInZhbHVlIjoiZmVWK2ZudXhVMzNRaVpOcmpzVTVqdz09IiwibWFjIjoiYzJiYzM5YWVhYWUwMDgwYzdhNDlhZDIzNWNhZDY0M2NmMjc2NWNlMmE1YTYwMzc2Yzg2ZjcyNWViOWZiMDFiNCIsInRhZyI6IiJ9&standardNumber=IS%201298:1958,cement,Not Available,Unknown,Unknown,Unknown,Unknown,Unknown,Unknown,methods of test for determination of free lime in portland cement. civil engineering department(ced). ced 02 - cement and concrete,0.5261973,23
IS/ISO 9917 (Part 1):2007,Dentistry — Water-Based Cements Part 1 Powder/Liquid Acid-Base Cements ( First Revision ),Unknown,Unknown,Medical Equipment And Hospital Planning Department(MHD),MHD 08 - Dentistry,01,No amendment issued,Product Specification,--,https://standards.bis.gov.in/website/standard-details?encryptedId=eyJpdiI6InNxNmtBL1Q4dUtJTHkwdC95TUovZ0E9PSIsInZhbHVlIjoiWUh6eVlqK0FhSjhkUEdneGpvblVsUT09IiwibWFjIjoiMWJlNmRlOWNhNmEwNThiZDFkNTBiYjhjZDAxNzk4Y2ViOTQwOWM0MzNiMTE0NWUwNzBhYTFlMjAxYzlkNjFhMiIsInRhZyI6IiJ9&standardNumber=IS%2FISO%209917%20(Part%201):2007,cement,Not Available,Medical and Hospital Equipments,Dentistry instruments/equipment and accessories,Filling and restorative materials,Ministry of Health and Family Welfare,Dentistry - Water-based cement Powder/liquid acid-base cements for filling,Unknown,dentistry — water-based cements part 1 powder/liquid acid-base cements ( first revision ). medical and hospital equipments. dentistry instruments/equipment and accessories. filling and restorative materials. dentistry - water-based cement powder/liquid acid-base cements for filling. medical equipment and hospital planning department(mhd). mhd 08 - dentistry. product specification. ministry of health and family welfare,0.5213754,24
IS 5498:1969,Lime-cement-cinder hollow concrete blocks,Unknown,Withdrawn,Civil Engineering Department(CED),CED 04 - Building Limes And Gypsum Products,New Standard,No amendment issued,Unknown,--,https://standards.bis.gov.in/website/standard-details?encryptedId=eyJpdiI6IkZZUGQxSkJkTVpldk5KWkRORzFLZ3c9PSIsInZhbHVlIjoiYXk4TW02QU5vMjdVby80WXNSS21xZz09IiwibWFjIjoiZDQ4ZGY3NTk0Yzg0NWU4YThlNDI1OGQyZjI5NWYzNjBhZjM3ZTZjMGI4YTA0YTcwZDM2NzRiYjA3MGQ4MTM4MCIsInRhZyI6IiJ9&standardNumber=IS%205498:1969,concrete,Not Available,Unknown,Unknown,Unknown,Unknown,Unknown,Unknown,lime-cement-cinder hollow concrete blocks. civil engineering department(ced). ced 04 - building limes and gypsum products,0.5211381,25
IS 5498:1969,Lime-cement-cinder hollow concrete blocks,Unknown,Withdrawn,Civil Engineering Department(CED),CED 04 - Building Limes And Gypsum Products,New Standard,No amendment issued,Unknown,--,https://standards.bis.gov.in/website/standard-details?encryptedId=eyJpdiI6ImszZTVxV095SG9oaVVxK0pubXhXQ0E9PSIsInZhbHVlIjoiTUxKZG10dWxNZFZWd1JsUDJQOHRsZz09IiwibWFjIjoiN2FlYTJiNTg5ZGE3OTdiYmIzN2JhYzIyOTY2ZWY1NDEyZjVmZDY5N2QxZTdjZmM4NDFkMGE1NjlmMTY1ZGNjYSIsInRhZyI6IiJ9&standardNumber=IS%205498:1969,cement,Not Available,Unknown,Unknown,Unknown,Unknown,Unknown,Unknown,lime-cement-cinder hollow concrete blocks. civil engineering department(ced). ced 04 - building limes and gypsum products,0.5211381,26
IS 16353:2015,Portland Cement Clinker - Specification,2025.0,Current,Civil Engineering Department(CED),CED 02 - Cement And Concrete,New Standard,No amendment issued,Product Specification,"Jun, 2025",https://standards.bis.gov.in/website/standard-details?encryptedId=eyJpdiI6ImRPdGcvN2lzeUxZVkVpT2pYQWZiTUE9PSIsInZhbHVlIjoib2RkWjZCTyt1TXFCRDNmSDdYUmVIdz09IiwibWFjIjoiMmJkNjUwNmUzODcyN2Q2Yjg4MWE3YmIxZTI5YjQxNzU4OTBlYTQyOGI4MGVjMzhlMTFkYWUxNTVmZDgxZTU2MiIsInRhZyI6IiJ9&standardNumber=IS%2016353:2015,cement,Not Available,Building Materials including Paints,"Cement, concrete and Allied Products",Cement and its Testing,Ministry of Housing and Urban Affairs,Portland Cement Clinker - Specification,Unknown,"portland cement clinker - specification. building materials including paints. cement, concrete and allied products. cement and its testing. portland cement clinker - specification. civil engineering department(ced). ced 02 - cement and concrete. product specification. ministry of housing and urban affairs",0.513257,27
IS 8041:1990,Rapid Hardening Portland Cement - Specification (Second Revision),2024.0,Current,Civil Engineering Department(CED),CED 02 - Cement And Concrete,02,04,Product Specification,"Mar, 2024",https://standards.bis.gov.in/website/standard-details?encryptedId=eyJpdiI6Imt5SmliNkdSZkpqMzNhalFPN1N3TkE9PSIsInZhbHVlIjoiRXoyK29UbTZKNXZaU0FDNEQ3S1ltdz09IiwibWFjIjoiNTkyZDkwMjA0OTJkODNhNGZhNmE5MjQyMzE2ZDg3ZWJmZTVmZGI4NzAxNDdjNDNmNDE4NTViZjJmYWFjYjQ2MCIsInRhZyI6IiJ9&standardNumber=IS%208041:1990,cement,Not Available,Building Materials including Paints,"Cement, concrete and Allied Products",Cement and its Testing,"Ministry of Commerce and Industry - Department for Promotion of Industry and Internal Trade (DPIIT), Ministry of Housing and Urban Affairs",Rapid hardening Portland cement,Unknown,"rapid hardening portland cement - specification (second revision). building materials including paints. cement, concrete and allied products. cement and its testing. rapid hardening portland cement. civil engineering department(ced). ced 02 - cement and concrete. product specification. ministry of commerce and industry - department for promotion of industry and internal trade (dpiit), ministry of housing and urban affairs",0.51023376,28
IS 3466:2026,Masonry cement - Specification,Unknown,Unknown,Civil Engineering Department(CED),CED 02 - Cement And Concrete,03,No amendment issued,Product Specification,--,https://standards.bis.gov.in/website/standard-details?encryptedId=eyJpdiI6InBsMVhjd1crNVJEdHZmQWEzMnhyRHc9PSIsInZhbHVlIjoiMjYvSy9EWFJzYTRDU0JFbUNnMHBVZz09IiwibWFjIjoiNTEwMDBlMjhjMzIwODBiODkzNmQ4NzUwZmQ1OGVhMzZlYWYzOWVmOGNhNDkzNGVjZmUzMTAxZWQ2ZWIzODYzMiIsInRhZyI6IiJ9&standardNumber=IS%203466:2026,cement,IS 3466:1988,Civil Engineering Design and Construction,Concrete structures,Special Structures,"Ministry of Consumer Affairs, Food and Public Distribution - Department of Food and Public Distribution",Unknown,Unknown,"masonry cement - specification. civil engineering design and construction. concrete structures. special structures. civil engineering department(ced). ced 02 - cement and concrete. product specification. ministry of consumer affairs, food and public distribution - department of food and public distribution",0.5099222,29
IS 6452:2026,High Alumina Cement for Structural Use - Specification (Second Revision),Unknown,Unknown,Civil Engineering Department(CED),CED 02 - Cement And Concrete,02,No amendment issued,Product Specification,--,https://standards.bis.gov.in/website/standard-details?encryptedId=eyJpdiI6IlVBYTFsNDdQVzg5aVE1QWNGSmErdmc9PSIsInZhbHVlIjoieTQ2TWZaZlU3VDlzaTI4MWs3cXhoZz09IiwibWFjIjoiZWZmYTY3ZDlmZDhhMTA5ODAxNjBhYTMxY2YxNWMwMjVmYWI4OWYyNGI5NWY2NDgwYjgzMmExMmNkZmQxMTI3ZiIsInRhZyI6IiJ9&standardNumber=IS%206452:2026,cement,IS 6452:1989,Civil Engineering Design and Construction,Concrete structures,Special Structures,"Ministry of Consumer Affairs, Food and Public Distribution - Department of Consumer Affairs",Unknown,Mandatory Certification,"high alumina cement for structural use - specification (second revision). civil engineering design and construction. concrete structures. special structures. civil engineering department(ced). ced 02 - cement and concrete. product specification. ministry of consumer affairs, food and public distribution - department of consumer affairs",0.49846336,30
IS 9142 (Part 1):2018,Artificial Lightweight Aggregate for Concrete - Specification: Part 1 For Concrete Masonry Blocks and for applications other than for Structural Concrete (First Revision),2023.0,Current,Civil Engineering Department(CED),CED 02 - Cement And Concrete,New Standard,No amendment issued,Product Specification,"Jun, 2023",https://standards.bis.gov.in/website/standard-details?encryptedId=eyJpdiI6IlBYRldNTDNxRnE4d3ozeEhVWEhiSnc9PSIsInZhbHVlIjoiNUlqS2J5bklPcSthSzhUYjZBYXdQUT09IiwibWFjIjoiNzQ5M2MwMDg5ZjBjMzQ2MjI5ODkxMGVlZjUxZTE0YTE5NTdjMmRlYmIzYzU1YWM2NjFmNzdmMjk5ZmFjM2FlZSIsInRhZyI6IiJ9&standardNumber=IS%209142%20(Part%201):2018,concrete,Not Available,Building Materials including Paints,"Cement, concrete and Allied Products","Concrete, Concrete admixrurers & additives and testing","Ministry of Consumer Affairs, Food and Public Distribution - Department of Consumer Affairs",Unknown,Unknown,"artificial lightweight aggregate for concrete - specification: part 1 for concrete masonry blocks and for applications other than for structural concrete (first revision). building materials including paints. cement, concrete and allied products. concrete, concrete admixrurers & additives and testing. civil engineering department(ced). ced 02 - cement and concrete. product specification. ministry of consumer affairs, food and public distribution - department of consumer affairs",0.48694316,31
IS 12797:1989,Dental materials - Dental glass polyalkenoate cements - Specification,Unknown,Withdrawn,Medical Equipment And Hospital Planning Department(MHD),MHD 08 - Dentistry,New Standard,No amendment issued,Product Specification,"Jan, 2016",https://standards.bis.gov.in/website/standard-details?encryptedId=eyJpdiI6IldjaGFGZ3RWWGswVFJybW5uT3hzdVE9PSIsInZhbHVlIjoieVdqOEpJemZURVV2TEU0L2IzYTJMZz09IiwibWFjIjoiNjFiNGI0OGNlNmY3ZjBhYjRiMmYzMDMzMWZkZDRmZGU2ODAwMjc0MWE4ZjgyMDhkYTE0MWE5N2MxZDM1MjkyMCIsInRhZyI6IiJ9&standardNumber=IS%2012797:1989,cement,Not Available,Medical and Hospital Equipments,Dentistry instruments/equipment and accessories,Filling and restorative materials,Ministry of Health and Family Welfare,Dental Materials - Dental Glass Polyalkenoate Cements,Unknown,dental materials - dental glass polyalkenoate cements - specification. medical and hospital equipments. dentistry instruments/equipment and accessories. filling and restorative materials. dental materials - dental glass polyalkenoate cements. medical equipment and hospital planning department(mhd). mhd 08 - dentistry. product specification. ministry of health and family welfare,0.48367223,32
IS 2185 (Part 4):2008,Concrete masonry units - Specification: Part 4 preformed foam cellular concrete blocks,2024.0,Current,Civil Engineering Department(CED),CED 53 - Cement Matrix Products,New Standard,No amendment issued,Product Specification,"Dec, 2024",https://standards.bis.gov.in/website/standard-details?encryptedId=eyJpdiI6IlZ2TExwWVlSbUhZTWwyVzQvOHhZcUE9PSIsInZhbHVlIjoiK20vTGwySzBVdUM3alJvVmlOakJRdz09IiwibWFjIjoiMzBlMjAzMTljMjdmOWE4NDhkNGNkYTIxNmZiNTdjZTU4OWY1ODgwODA0MDE3ODNmZDkyYzMwYzkyNTU2ODE3NiIsInRhZyI6IiJ9&standardNumber=IS%202185%20(Part%204):2008,concrete,Not Available,Civil Engineering Design and Construction,Concrete structures,Prefabricated Construction,Unknown,Concrete masonry units - : Part 4 Preformed foam cellular concrete blocks,Unknown,concrete masonry units - specification: part 4 preformed foam cellular concrete blocks. civil engineering design and construction. concrete structures. prefabricated construction. concrete masonry units - : part 4 preformed foam cellular concrete blocks. civil engineering department(ced). ced 53 - cement matrix products. product specification,0.4781126,33
SP 23:1982,Handbook on Concrete Mixes,Unknown,Unknown,Civil Engineering Department(CED),CED 02 - Cement And Concrete,New Standard,No amendment issued,Others,--,https://standards.bis.gov.in/website/standard-details?encryptedId=eyJpdiI6IkJ2ZG5lNDQwOW9pN2tLTGZGVUYvZGc9PSIsInZhbHVlIjoiTkM2d2lWOURDdHJLcUFEZm8rdzBXQT09IiwibWFjIjoiZjI3MzE2OTE2ODk5ZTJhYzQ0M2U3ZGY2ZTRiMzJmY2IxMmI2Y2IyY2ZjZWI5YmQ2NjNhZjk1M2Q2ODIyNjA4YSIsInRhZyI6IiJ9&standardNumber=SP%2023:1982,concrete,Not Available,Building Materials including Paints,"Cement, concrete and Allied Products","Concrete, Concrete admixrurers & additives and testing",Unknown,Handbook on Concrete Mixes,Unknown,"handbook on concrete mixes. building materials including paints. cement, concrete and allied products. concrete, concrete admixrurers & additives and testing. handbook on concrete mixes. civil engineering department(ced). ced 02 - cement and concrete. others",0.47779873,34
IS 18837:2024,SOLVENT CEMENTS FOR CHLORINATED POLY (VINYL CHLORIDE) (CPVC) PLASTIC PIPE AND FITTINGS,Unknown,Unknown,"Petroleum, Coal And Related Products Department(PCD)",PCD 12 - Plastics,New Standard,No amendment issued,Product Specification,--,https://standards.bis.gov.in/website/standard-details?encryptedId=eyJpdiI6IlB1a0gzVmo2UjBJTzZLZVMxODkzNXc9PSIsInZhbHVlIjoieE1zSmtCZHBjSW81VVpMNjhqY0tPZz09IiwibWFjIjoiZWM5MGMyY2Q4NWVmYzFiYjAwNzQzZTY3M2ViYmNkYjFkMjYyNDU2ODU3ZDIxMWZmMjE4ZjJmZDdjZjRjMzNiNSIsInRhZyI6IiJ9&standardNumber=IS%2018837:2024,cement,Not Available,"Chemicals, Plastics and their Products including packaging and Environment","Plastic Films, Bottles, Jars, Pipes, Sockets and Other Products",Laying and Installation of Plastic Pipes,Ministry of Chemicals and Fertilizers - Department of Chemicals and Petrochemicals (DCPC),Unknown,Voluntary Certification,"solvent cements for chlorinated poly (vinyl chloride) (cpvc) plastic pipe and fittings. chemicals, plastics and their products including packaging and environment. plastic films, bottles, jars, pipes, sockets and other products. laying and installation of plastic pipes. petroleum, coal and related products department(pcd). pcd 12 - plastics. product specification. ministry of chemicals and fertilizers - department of chemicals and petrochemicals (dcpc)",0.4753396,35
IS 1592:2003,Asbestos cement pressure pipes and joints - Specification (Fourth Revision),2023.0,Current,Civil Engineering Department(CED),CED 53 - Cement Matrix Products,04,03,Product Specification,"Nov, 2023",https://standards.bis.gov.in/website/standard-details?encryptedId=eyJpdiI6IlVrcEh3d3NIVnhURWd6cVViRE1hc3c9PSIsInZhbHVlIjoiYVdnTTRieDVtVXJ1ZGlZODNrL3NOUT09IiwibWFjIjoiZTg5ZGY3NTAwYjk3ZDU2NGQzNTAzNDA2MGYyNDNhNDNkNGE0ZWI2ODJkMzU0MWI2YWMxZDhkYzEyOTJiZmFkMCIsInRhZyI6IiJ9&standardNumber=IS%201592:2003,cement,Not Available,Civil Engineering Design and Construction,Concrete structures,Prefabricated Construction,Unknown,Asbestos Cement Pressure Pipes and Joints -,Mandatory Certification,asbestos cement pressure pipes and joints - specification (fourth revision). civil engineering design and construction. concrete structures. prefabricated construction. asbestos cement pressure pipes and joints -. civil engineering department(ced). ced 53 - cement matrix products. product specification,0.47468564,36
IS 6908:1991,Asbestos - Cement pipes and fitkIngs for sewerage and drainage - Specification (First Revision),2022.0,Current,Civil Engineering Department(CED),CED 53 - Cement Matrix Products,01,01,Product Specification,"Jan, 2022",https://standards.bis.gov.in/website/standard-details?encryptedId=eyJpdiI6ImxiWUZtRGZOYjc5RGx3MTg5MkRVTVE9PSIsInZhbHVlIjoiaiszUHkzVi9KVER2dEJ3aTdYZ1Fmdz09IiwibWFjIjoiMDBkMmRlYTkzNWMwMzQ0NmQxZjY4YzNiNzFjNGQ1MTA2YmFkMThhNzU0YzQyOGRmNWI3NzY5NmE2NDE1YWE0NSIsInRhZyI6IiJ9&standardNumber=IS%206908:1991,cement,Not Available,Civil Engineering Design and Construction,Concrete structures,Prefabricated Construction,Unknown,asbestos cement pipes and fittings for sewerage and drainage,Mandatory Certification,asbestos - cement pipes and fitkings for sewerage and drainage - specification (first revision). civil engineering design and construction. concrete structures. prefabricated construction. asbestos cement pipes and fittings for sewerage and drainage. civil engineering department(ced). ced 53 - cement matrix products. product specification,0.47054866,37
IS 1626 (Part 2):1994,"Asbestos cement building pipes and pipe fittings, gutters and gutter fittings and roofing fittings: Part 2 gutter and gutter fittings) (Second Revision)",2025.0,Current,Civil Engineering Department(CED),CED 53 - Cement Matrix Products,02,01,Product Specification,"Aug, 2025",https://standards.bis.gov.in/website/standard-details?encryptedId=eyJpdiI6IjFPTE1VZkF0Qi9GMHpXTHRtOFJnMFE9PSIsInZhbHVlIjoiZUhNL1l5aU5BT2I0UHpubVp3ckwvUT09IiwibWFjIjoiMmQxYjM1OWQ4ZDU3MGNmYzQ0YWQxZjM4ZmNmMjY0ZDg3MzM0YTUwNmU4N2JmOGIyNTZjMWRjZmM2Yjg4ZDIyMyIsInRhZyI6IiJ9&standardNumber=IS%201626%20(Part%202):1994,cement,Not Available,Civil Engineering Design and Construction,Concrete structures,Prefabricated Construction,Unknown,"Asbestos cement building pipes and pipe fittings, gutters and gutter fittings and roofing fittings -",Voluntary Certification,"asbestos cement building pipes and pipe fittings, gutters and gutter fittings and roofing fittings: part 2 gutter and gutter fittings) (second revision). civil engineering design and construction. concrete structures. prefabricated construction. asbestos cement building pipes and pipe fittings, gutters and gutter fittings and roofing fittings -. civil engineering department(ced). ced 53 - cement matrix products. product specification",0.4697218,38
IS 9350:1980,Thermal Insulating Cement (type 950),Unknown,Withdrawn,Chemical Department(CHD),CHD 27 - Thermal Insulation,New Standard,No amendment issued,Unknown,"Jan, 1990",https://standards.bis.gov.in/website/standard-details?encryptedId=eyJpdiI6InNvNlc5MVhWL29LTU1HaTRISXV5c2c9PSIsInZhbHVlIjoielpKckxrNnRsRHM3WldRaW5YcUcydz09IiwibWFjIjoiYWJmNWE2ZTg2NTU5ZmFjYTZmM2NlYWQ3NGQ0NjIyYmM3NGY0MzMxYjlkYWE1ZjE3ZjUyODRhZDQ4NWQzMmExZSIsInRhZyI6IiJ9&standardNumber=IS%209350:1980,cement,Not Available,Unknown,Unknown,Unknown,Unknown,Unknown,Unknown,thermal insulating cement (type 950). chemical department(chd). chd 27 - thermal insulation,0.46921095,39
IS 9142:1979,Specification for Artificial Lightweight Aggregates for Concrete Masonry Units,Unknown,Withdrawn,Civil Engineering Department(CED),CED 02 - Cement And Concrete,New Standard,No amendment issued,Product Specification,"Jan, 2016",https://standards.bis.gov.in/website/standard-details?encryptedId=eyJpdiI6IkJkczNpQVFqaGdQR2VvUXZHbGppdkE9PSIsInZhbHVlIjoiUmxSQVIrckxHMDllVG1YVml5TTlPdz09IiwibWFjIjoiNmNlN2YwNDI3ZDAzZDJiMTM0MGU1NzQyOWQ1NjZmM2NkY2JlMmEwYjY1M2E4ZTU2OWViMDk4NzY2ZWU4MDk4ZCIsInRhZyI6IiJ9&standardNumber=IS%209142:1979,concrete,Not Available,Building Materials including Paints,"Cement, concrete and Allied Products","Concrete, Concrete admixrurers & additives and testing",Unknown,Artificial Lightweight Aggregates for Concrete Masonry Units,Unknown,"specification for artificial lightweight aggregates for concrete masonry units. building materials including paints. cement, concrete and allied products. concrete, concrete admixrurers & additives and testing. artificial lightweight aggregates for concrete masonry units. civil engineering department(ced). ced 02 - cement and concrete. product specification",0.46739885,40
SP 34:1987,Handbook on Concrete Reinforcement and Detailing,Unknown,Unknown,Civil Engineering Department(CED),CED 02 - Cement And Concrete,New Standard,01,Others,--,https://standards.bis.gov.in/website/standard-details?encryptedId=eyJpdiI6Im42UGk3dW5SMmg0dENKejRDUTVuZ0E9PSIsInZhbHVlIjoiRTBMTXhvNlBXR1EwdjV2bnZkS0N5Zz09IiwibWFjIjoiNjFhZjVhNTQ0ZWEyM2U1NzQwYmQ1YTM4N2Q5NWFjNzNlNDcwNjAyN2Y1NjhiYWVlNDEzMDg3MmUyNTJhZjMwMyIsInRhZyI6IiJ9&standardNumber=SP%2034:1987,concrete,Not Available,Building Materials including Paints,"Cement, concrete and Allied Products","Concrete, Concrete admixrurers & additives and testing",Unknown,Handbook on Concrete Reinforcement and Detailing,Unknown,"handbook on concrete reinforcement and detailing. building materials including paints. cement, concrete and allied products. concrete, concrete admixrurers & additives and testing. handbook on concrete reinforcement and detailing. civil engineering department(ced). ced 02 - cement and concrete. others",0.46498704,41
SP 34:1987,Handbook on Concrete Reinforcement and Detailing,Unknown,Unknown,Civil Engineering Department(CED),CED 02 - Cement And Concrete,New Standard,01,Others,--,https://standards.bis.gov.in/website/standard-details?encryptedId=eyJpdiI6IkRId1BlSnlEVVlKS2xsMmpFc2tQb2c9PSIsInZhbHVlIjoicnJHZ1k3RzRJeEphL2dOMUpwSXlTQT09IiwibWFjIjoiYzY0ZmI0NzAwNzY2ODlkY2FkN2VjOWY2MTM5MWMxYzUyNTA2ZjJjMmYxNDZjYmMzN2UzZDlmM2Y4ODdmZTJlMSIsInRhZyI6IiJ9&standardNumber=SP%2034:1987,cement,Not Available,Building Materials including Paints,"Cement, concrete and Allied Products","Concrete, Concrete admixrurers & additives and testing",Unknown,Handbook on Concrete Reinforcement and Detailing,Unknown,"handbook on concrete reinforcement and detailing. building materials including paints. cement, concrete and allied products. concrete, concrete admixrurers & additives and testing. handbook on concrete reinforcement and detailing. civil engineering department(ced). ced 02 - cement and concrete. others",0.46498704,42
IS 17908:2023,FIBRE CEMENT SHEET -LIGHTWEIGHT CONCRETE SANDWICH PANELS - SPECIFICATION,Unknown,Unknown,Civil Engineering Department(CED),CED 53 - Cement Matrix Products,New Standard,No amendment issued,Product Specification,--,https://standards.bis.gov.in/website/standard-details?encryptedId=eyJpdiI6ImkxOWo5bVRaY0swZ2h5aHVmbzQyYUE9PSIsInZhbHVlIjoiTFhaNFVzZzllck1WTk9iYmlzbkxVUT09IiwibWFjIjoiNWI1MmU0NGRiODg4Mzc0MGZkOGM2YTJkMzUyMmQ5ZWY4YWEyMmNiYjg1NjI3Y2UyYzEzYjA2NjQzMmRlNGY1OSIsInRhZyI6IiJ9&standardNumber=IS%2017908:2023,concrete,Not Available,Building Materials including Paints,"Cement, concrete and Allied Products","Fibre Cement Sheets, Boards, Pipes and Fittings, Conduits and Troughs",Ministry of Housing and Urban Poverty Alleviation,SANDWICH PANELS,Unknown,"fibre cement sheet -lightweight concrete sandwich panels - specification. building materials including paints. cement, concrete and allied products. fibre cement sheets, boards, pipes and fittings, conduits and troughs. sandwich panels. civil engineering department(ced). ced 53 - cement matrix products. product specification. ministry of housing and urban poverty alleviation",0.46385765,43
IS 17908:2023,FIBRE CEMENT SHEET -LIGHTWEIGHT CONCRETE SANDWICH PANELS - SPECIFICATION,Unknown,Unknown,Civil Engineering Department(CED),CED 53 - Cement Matrix Products,New Standard,No amendment issued,Product Specification,--,https://standards.bis.gov.in/website/standard-details?encryptedId=eyJpdiI6Inh5L0JqckJFWDJrZGU1WVU2d0dlUnc9PSIsInZhbHVlIjoiNkRUclpKWEp6S01FbmloRGtkVlpTdz09IiwibWFjIjoiOTZlY2RlZmQwOTg2NjQ3MTE0ZmE3MzQyMjUwOTQ1M2ZjZDA4OWUzMjAxMzE4ZWRhNjFhZmRlYjM2MjNhODA4MSIsInRhZyI6IiJ9&standardNumber=IS%2017908:2023,cement,Not Available,Building Materials including Paints,"Cement, concrete and Allied Products","Fibre Cement Sheets, Boards, Pipes and Fittings, Conduits and Troughs",Ministry of Housing and Urban Poverty Alleviation,SANDWICH PANELS,Unknown,"fibre cement sheet -lightweight concrete sandwich panels - specification. building materials including paints. cement, concrete and allied products. fibre cement sheets, boards, pipes and fittings, conduits and troughs. sandwich panels. civil engineering department(ced). ced 53 - cement matrix products. product specification. ministry of housing and urban poverty alleviation",0.46385765,44
IS/ISO 9917 (Part 2):2017,Dentistry - Water - Based cement: Part 2 resin - Modified cements (First Revision),2022.0,Current,Medical Equipment And Hospital Planning Department(MHD),MHD 08 - Dentistry,01,No amendment issued,Product Specification,"Jan, 2022",https://standards.bis.gov.in/website/standard-details?encryptedId=eyJpdiI6ImU1YmRrRFdoS1JmZU9VcVg0MzJVVHc9PSIsInZhbHVlIjoiRzYyV1kzQzRQbkNQM2RhQ2J5UTF4Zz09IiwibWFjIjoiODYwNzFjYzczZTA5NzZiODU2YjRkYzFlNDliNTg1ZDg4MzNhYzM0ZTVlNTk0Mzg1OTIwOTNiNTViYjYwNThjOSIsInRhZyI6IiJ9&standardNumber=IS%2FISO%209917%20(Part%202):2017,cement,Not Available,Medical and Hospital Equipments,Dentistry instruments/equipment and accessories,Filling and restorative materials,Ministry of Health and Family Welfare,Unknown,Unknown,dentistry - water - based cement: part 2 resin - modified cements (first revision). medical and hospital equipments. dentistry instruments/equipment and accessories. filling and restorative materials. medical equipment and hospital planning department(mhd). mhd 08 - dentistry. product specification. ministry of health and family welfare,0.46358112,45
IS 13710:1993,Dental materials - Dental zinc polycarboxylate cements - Specification,Unknown,Withdrawn,Medical Equipment And Hospital Planning Department(MHD),MHD 08 - Dentistry,New Standard,No amendment issued,Product Specification,"Jan, 2016",https://standards.bis.gov.in/website/standard-details?encryptedId=eyJpdiI6IndBdk9EQkdWOXU2Q2dXbVMrbk1KUHc9PSIsInZhbHVlIjoiLzR4SHViRnoyYVordkgzOXlIRFVFQT09IiwibWFjIjoiYmJmOGY2NGM2MDk1ZjhjZDYzOTQyZTA3YTczNTNmODliNDFmM2IxYmIwZGRmYTFlMmQ4ODdkMWUwOGVjZTQ0NSIsInRhZyI6IiJ9&standardNumber=IS%2013710:1993,cement,Not Available,Medical and Hospital Equipments,Dentistry instruments/equipment and accessories,Filling and restorative materials,Ministry of Health and Family Welfare,Dental materials - Dental zinc polycarboxylate cements,Unknown,dental materials - dental zinc polycarboxylate cements - specification. medical and hospital equipments. dentistry instruments/equipment and accessories. filling and restorative materials. dental materials - dental zinc polycarboxylate cements. medical equipment and hospital planning department(mhd). mhd 08 - dentistry. product specification. ministry of health and family welfare,0.46244454,46
IS 1626 (Part 3):1994,"Asbestos Cement Building types and Pipe Fittings, Gutters and Gutter Fittings and Roofing Fittings - Part 3 : Roofing Fittings",2025.0,Current,Civil Engineering Department(CED),CED 53 - Cement Matrix Products,02,No amendment issued,Product Specification,"Aug, 2025",https://standards.bis.gov.in/website/standard-details?encryptedId=eyJpdiI6Ik4rejFub2sxZWNmc2hRMkNrNysxaGc9PSIsInZhbHVlIjoiSUhtcm9UTGJYSnBQNE1SUnRjcm5PUT09IiwibWFjIjoiMTdjMGQyNzUwZWJlMjBkNzU1YzM2YjFhMmU5Njc2Y2YzZmQ0MjRiMmI2NGYwOTM5OGU4NTYyNjJmMTE4MjlmOSIsInRhZyI6IiJ9&standardNumber=IS%201626%20(Part%203):1994,cement,Not Available,Civil Engineering Design and Construction,Concrete structures,Prefabricated Construction,Ministry of Housing and Urban Affairs,"Asbestos Cement Building types and Pipe Fittings, Gutters and Gutter Fittings and Roofing Fittings -",Voluntary Certification,"asbestos cement building types and pipe fittings, gutters and gutter fittings and roofing fittings - part 3 : roofing fittings. civil engineering design and construction. concrete structures. prefabricated construction. asbestos cement building types and pipe fittings, gutters and gutter fittings and roofing fittings -. civil engineering department(ced). ced 53 - cement matrix products. product specification. ministry of housing and urban affairs",0.46030724,47
IS 14182:1994,Solvent cement for use with unplasticized polyvinyl chloride plastic pipe and fittings - Specifications,2025.0,Current,"Petroleum, Coal And Related Products Department(PCD)",PCD 12 - Plastics,New Standard,02,Product Specification,"Jul, 2025",https://standards.bis.gov.in/website/standard-details?encryptedId=eyJpdiI6IlBKOVl6UWl6bEdrZnp6VFlGZ3RKVFE9PSIsInZhbHVlIjoiNUN1eExBRGRUdnR0dk5hazViUzNEdz09IiwibWFjIjoiZGY2OGExZDRhYTZlZGU5ZTE5NmFhZjkxNTgxODJmMDk2MzY4MDY2NDdiZWNkNWJkOWVlOTE3NWMyN2VlYTBkZCIsInRhZyI6IiJ9&standardNumber=IS%2014182:1994,cement,Not Available,Building Materials including Paints,"Cement, concrete and Allied Products","Concrete, Concrete admixrurers & additives and testing",Ministry of Chemicals and Fertilizers - Department of Chemicals and Petrochemicals (DCPC),Solvent Cement For Use With Unplasticized Polyvinylchloride Plastic Pipe And Fittings,Voluntary Certification,"solvent cement for use with unplasticized polyvinyl chloride plastic pipe and fittings - specifications. building materials including paints. cement, concrete and allied products. concrete, concrete admixrurers & additives and testing. solvent cement for use with unplasticized polyvinylchloride plastic pipe and fittings. petroleum, coal and related products department(pcd). pcd 12 - plastics. product specification. ministry of chemicals and fertilizers - department of chemicals and petrochemicals (dcpc)",0.46020967,48
IS 1626 (Part 1):1994,"Asbestos cement building pipes and pipe fittings, gutters and gutter fittings and roofing fitting: Part 1 pipe and pipe fittings (Second Revision)",2025.0,Current,Civil Engineering Department(CED),CED 53 - Cement Matrix Products,02,No amendment issued,Product Specification,"Aug, 2025",https://standards.bis.gov.in/website/standard-details?encryptedId=eyJpdiI6IkpCeWo0MHh1Z1kyTE14OFVNWThVRUE9PSIsInZhbHVlIjoiVTk1NFZiQTlCSldkbGNsWExiclJkZz09IiwibWFjIjoiMzM5MDhiMGI0ZDczNzc2MGExYzNkMzcyNmU3N2I3OGFlMDJmZjE5Nzc3NmY4MGJkMmRkYjBlYzY1ZjZkYzcyOSIsInRhZyI6IiJ9&standardNumber=IS%201626%20(Part%201):1994,cement,Not Available,Civil Engineering Design and Construction,Concrete structures,Prefabricated Construction,Unknown,"Asbestos cement building pipes and pipe fittings, gutters and gutter fittings and roofing fittings -",Unknown,"asbestos cement building pipes and pipe fittings, gutters and gutter fittings and roofing fitting: part 1 pipe and pipe fittings (second revision). civil engineering design and construction. concrete structures. prefabricated construction. asbestos cement building pipes and pipe fittings, gutters and gutter fittings and roofing fittings -. civil engineering department(ced). ced 53 - cement matrix products. product specification",0.45952672,49
IS 515:1959,Natural and manufactured aggregates for use in mass concrete,Unknown,Withdrawn,Civil Engineering Department(CED),CED 02 - Cement And Concrete,New Standard,No amendment issued,Unknown,--,https://standards.bis.gov.in/website/standard-details?encryptedId=eyJpdiI6IlFPNDN1bWVXbGhGRkswMUtYQ3JUK3c9PSIsInZhbHVlIjoiNXNIdVhicHQxTFFkdGpMRW5ISGhTQT09IiwibWFjIjoiOTdhYTA2MGU0ZTQxZWVlZTI1MjUyNjIzOWJmMzE3ZWVhNmQyOTE4MTFlYmQyNTI4NzM4YTk5YmM3ZDg3OTQ2MiIsInRhZyI6IiJ9&standardNumber=IS%20515:1959,concrete,Not Available,Unknown,Unknown,Unknown,Unknown,Unknown,Unknown,natural and manufactured aggregates for use in mass concrete. civil engineering department(ced). ced 02 - cement and concrete,0.45947957,50
