recommended_is_number,recommended_title,related_is_number,related_title,related_status,related_source_url,relationship_type,reviewed_in,relationship_direction
IS 269:2015,Ordinary portland cement - Specification (Sixth Revision),IS 2911 (Part 3):2021,Design and construction of pile foundations - Code of practice: Part 3 Under-reamed piles (second revision),Current,https://standards.bis.gov.in/website/standard-details?encryptedId=eyJpdiI6IlFRVDRNVnVkOVVqbXNpYTlIdktpV1E9PSIsInZhbHVlIjoidWpsSTBDbTZYVHo5UktZTS82OG5vdz09IiwibWFjIjoiMjQwZGM1MDhhY2NlNGQ4ZjQ3YjcwYTU1OGMxZTAwMGY3MWFkY2IzZGE5MTI1ZjQ3MmFiZTRiZDg1ZjFlZDg0MCIsInRhZyI6IiJ9&standardNumber=IS%202911%20(Part%203):2021,REFERRED_IN_STANDARD,2026.0,outgoing
IS 269:2015,Ordinary portland cement - Specification (Sixth Revision),IS 457:1957,Code of practice for general construction of plain and reinforced concrete for dams and other massive structures,Current,https://standards.bis.gov.in/website/standard-details?encryptedId=eyJpdiI6Iis1TnQ3QmJMczhqdjVqOGhmU0xLL0E9PSIsInZhbHVlIjoiYWxRd3hjOEVic2hnNVl4aitMd3ZMdz09IiwibWFjIjoiNzViOTY1ZTQwZWFiNGUwODQyODNlMWU1MTcxYTM3ZWU2Y2MyMmQxYjE5OTE5MjEwMjM4NWE1Njg0M2U0ZmJhZSIsInRhZyI6IiJ9&standardNumber=IS%20457:1957,REFERRED_IN_STANDARD,2026.0,outgoing
IS 269:2015,Ordinary portland cement - Specification (Sixth Revision),IS 458:2021,Precast Concrete Pipes (with and without Reinforcement) -,Current,https://standards.bis.gov.in/website/standard-details?encryptedId=eyJpdiI6IjZnVkU3MFROWEdHbmpoN0N5M0lMbGc9PSIsInZhbHVlIjoiVS9TczNxRGRhbjVMYlByWldHTmZQZz09IiwibWFjIjoiNTIwNDQ5MWQxMWRlOTdjZDVjYTA4OWRiOTY2OGZhYjg1MTg1M2Y2YmJlYzM3OTRhYTE4OTFjZDI2ODhlODlmMyIsInRhZyI6IiJ9&standardNumber=IS%20458:2021,REFERRED_IN_STANDARD,2026.0,outgoing
IS 269:2015,Ordinary portland cement - Specification (Sixth Revision),IS 6925:1973,Methods of Test for Determination of Water Soluble Chlorides in Concrete Admixtures,Current,https://standards.bis.gov.in/website/standard-details?encryptedId=eyJpdiI6IkxtL1BYdmFCczQvaXJTb1BzWHJRUGc9PSIsInZhbHVlIjoiK1hRMXBuWkQ3MmVCMG1ORURuVkx2QT09IiwibWFjIjoiY2JlNGVjOWFjZTMzMTJhYzlmMGY4MzEwZWIyZTBlZTIxYTk4NjBjMzI1MWYwMTQ5ZmM1OGZlN2Y1OWQwMDgxZiIsInRhZyI6IiJ9&standardNumber=IS%206925:1973,REFERRED_IN_STANDARD,2026.0,outgoing
IS 269:2015,Ordinary portland cement - Specification (Sixth Revision),IS 10250:1982,Specification for severities for environmental tests for automotive electrical equipment,Current,https://standards.bis.gov.in/website/standard-details?encryptedId=eyJpdiI6IisrYk8xRy8vSHk5UG9rVWIwZ2dWV3c9PSIsInZhbHVlIjoienI0RVRsaHB2Z3dQN2V1ZjUwQlFzUT09IiwibWFjIjoiOTgwNGJlZjcxMjFhOTVlNjg1NjQ2ODQwZDJiOTJhMjIxODhiYWZhYjAyMTcwYjI5ZmQ2ZjI2Yzg1OTY1YzdjZiIsInRhZyI6IiJ9&standardNumber=IS%2010250:1982,REFERRED_IN_STANDARD,2025.0,outgoing
IS 16993:2018,Microfine Ordinary Portland Cement - Specification,IS 9103:1999,Concrete Admixtures -Specification (First Revision),Current,https://standards.bis.gov.in/website/standard-details?encryptedId=eyJpdiI6IjJJQ1ZGT0pncDB4eDJaZ2laWVI1d1E9PSIsInZhbHVlIjoidFowNm1heUJVcjVXS0NreFpOTC9FUT09IiwibWFjIjoiMmJlOTViODMzNzYxNDY2OWQxMmE0MjcwYzJjYTBkNzVhMjlkNzBlYzg3MjE0MzIzNWY1MGMwOTdmNzY5MmFhMyIsInRhZyI6IiJ9&standardNumber=IS%209103:1999,REFERRED_BY_STANDARD,2023.0,outgoing
IS 16993:2018,Microfine Ordinary Portland Cement - Specification,IS 4845:2026,Definitions and terminology relating to hydraulic cement First Revision of IS 4845,Unknown,https://standards.bis.gov.in/website/standard-details?encryptedId=eyJpdiI6InhrOWpSdUZuQUR3WU9pZGJIejYxQlE9PSIsInZhbHVlIjoiUnRCd21reGpybXViSVpXTGcxRVFCUT09IiwibWFjIjoiYjM1NzAzNDllOTllYmNjNDBjZGFkYjc3ZWIxZjRmNzZmYjM3NmEyYWI3OWJjZWZiYjdlN2VkMzJhNjc0YWZhOCIsInRhZyI6IiJ9&standardNumber=IS%204845:2026,REFERRED_BY_STANDARD,2023.0,incoming
IS 8042:2015,White Portland Cement - Specification (Third Revision),IS 12423:1988,Method for Colorimetric analysis of Hydraulic Cement,Current,https://standards.bis.gov.in/website/standard-details?encryptedId=eyJpdiI6ImtZSUxTWkJKTkxxcHhhS1NwRmVFZ1E9PSIsInZhbHVlIjoiRU4vdVc1cEliRDVxTGxFRU05bE8rUT09IiwibWFjIjoiZjRhMzE2NTAwNzg4OGVjYWI0MjQ2MWI5ZmQ5ZGM3ZDAxMjZiZTlhNTEyMzcyMDAyN2MzNDNjYTY2MGJlODY0YiIsInRhZyI6IiJ9&standardNumber=IS%2012423:1988,REFERRED_BY_STANDARD,2026.0,outgoing
IS 8042:2015,White Portland Cement - Specification (Third Revision),IS 17545:2021,White cement based polymeric putty,Current,https://standards.bis.gov.in/website/standard-details?encryptedId=eyJpdiI6IjVEUnphbzd5dVA4cEZEWnBCNzdYSnc9PSIsInZhbHVlIjoidnFkSFI0b1NZNjYxSmNDRENhT0tmdz09IiwibWFjIjoiMWE3MzQ0OGI2N2M4MzU5NDljODlhYjUxZGM4NjQ1MmE4MmQ4Yjk3ODBlYmE3YzhkYmQ4MGNjNmIyNWE0OWZjMSIsInRhZyI6IiJ9&standardNumber=IS%2017545:2021,REFERRED_IN_STANDARD,2026.0,outgoing
IS 8042:2015,White Portland Cement - Specification (Third Revision),IS 11761:2024,MULTI-WALL PAPER SACKS FOR CEMENT- SPECIFICATION ( Second Revision ),Current,https://standards.bis.gov.in/website/standard-details?encryptedId=eyJpdiI6InFSbTkwQW5naUFmcVlFTG53S0tjSHc9PSIsInZhbHVlIjoiK1dvS01yRnNuT2JwRTJucUdMSHIrZz09IiwibWFjIjoiNWZlMzU1YzJmZTdiNTliYmNiNjM0YzhhMDhmOTYzZWExZTI1YTgzMTRmNjI5N2JjZDgzYzY5ZWJiN2Y1YjczMyIsInRhZyI6IiJ9&standardNumber=IS%2011761:2024,REFERRED_IN_STANDARD,2025.0,incoming
IS 8042:2015,White Portland Cement - Specification (Third Revision),IS 2185 (Part 1):2005,Concrete masonry units - Specification: Part 1 hollow and solid concrete blocks (Third Revision),Current,https://standards.bis.gov.in/website/standard-details?encryptedId=eyJpdiI6IitZcmZJaytYU2I1NW5xZzFUYTJTQkE9PSIsInZhbHVlIjoiR3Y1NUhsV0Vka2pyalBQR2srL2UrQT09IiwibWFjIjoiNWYzZDQ2ZTIxYjg1NWZkMmEyZTg2MmNiNDBkOWE4MTk4YWQ2OWE5ZmUxZTU5NWZhN2EyMjc3OTA2OGRhODEwOCIsInRhZyI6IiJ9&standardNumber=IS%202185%20(Part%201):2005,REFERRED_IN_STANDARD,2025.0,outgoing
IS 8042:2015,White Portland Cement - Specification (Third Revision),IS 2185 (Part 2):1983,Specification for concrete masonry units: Part 2 hollow and solid lightweight concrete blocks (First Revision),Current,https://standards.bis.gov.in/website/standard-details?encryptedId=eyJpdiI6ImlJd2cvY2VqSzZvaWlTWlU5Y0xCTXc9PSIsInZhbHVlIjoiUVVSa2JrVTJNKzRFRUcwZWhGZTg4Zz09IiwibWFjIjoiNDFlZWVkMTE4OGZkYWNjYzRkMWI0Yzc1MjMzYTEyZmFkZWJhY2Q3NDVkZDlhNjAxY2Y3NzA3YjVjNjE2Yzk2MCIsInRhZyI6IiJ9&standardNumber=IS%202185%20(Part%202):1983,REFERRED_IN_STANDARD,2025.0,outgoing
IS 455:2015,Portland slag cement - Specification (fifth revision),IS 12423:1988,Method for Colorimetric analysis of Hydraulic Cement,Current,https://standards.bis.gov.in/website/standard-details?encryptedId=eyJpdiI6ImtZSUxTWkJKTkxxcHhhS1NwRmVFZ1E9PSIsInZhbHVlIjoiRU4vdVc1cEliRDVxTGxFRU05bE8rUT09IiwibWFjIjoiZjRhMzE2NTAwNzg4OGVjYWI0MjQ2MWI5ZmQ5ZGM3ZDAxMjZiZTlhNTEyMzcyMDAyN2MzNDNjYTY2MGJlODY0YiIsInRhZyI6IiJ9&standardNumber=IS%2012423:1988,REFERRED_BY_STANDARD,2026.0,outgoing
IS 455:2015,Portland slag cement - Specification (fifth revision),IS 2911 (Part 3):2021,Design and construction of pile foundations - Code of practice: Part 3 Under-reamed piles (second revision),Current,https://standards.bis.gov.in/website/standard-details?encryptedId=eyJpdiI6IlFRVDRNVnVkOVVqbXNpYTlIdktpV1E9PSIsInZhbHVlIjoidWpsSTBDbTZYVHo5UktZTS82OG5vdz09IiwibWFjIjoiMjQwZGM1MDhhY2NlNGQ4ZjQ3YjcwYTU1OGMxZTAwMGY3MWFkY2IzZGE5MTI1ZjQ3MmFiZTRiZDg1ZjFlZDg0MCIsInRhZyI6IiJ9&standardNumber=IS%202911%20(Part%203):2021,REFERRED_IN_STANDARD,2026.0,outgoing
IS 455:2015,Portland slag cement - Specification (fifth revision),IS 3370 (Part 1):2021,Concrete Structures for Retaining Aqueous Liquids - Code of Practice : Part 1 General Requirements (Second Revision),Current,https://standards.bis.gov.in/website/standard-details?encryptedId=eyJpdiI6Ik9xWWpObFZZaDJXVzgxWG9GaS8xNkE9PSIsInZhbHVlIjoiVmYzU1dZcnBMOHVSU29QT1ZQR2VRUT09IiwibWFjIjoiZjY5NzQwNDA2Zjk4NTE3Y2IzY2FkNTdjMWZkOTg2YTYwNTBhYTg5YWU5OWRjZDJhMzhlYTM1YzczMTdkYmE0NiIsInRhZyI6IiJ9&standardNumber=IS%203370%20(Part%201):2021,REFERRED_IN_STANDARD,2026.0,outgoing
IS 455:2015,Portland slag cement - Specification (fifth revision),IS 457:1957,Code of practice for general construction of plain and reinforced concrete for dams and other massive structures,Current,https://standards.bis.gov.in/website/standard-details?encryptedId=eyJpdiI6Iis1TnQ3QmJMczhqdjVqOGhmU0xLL0E9PSIsInZhbHVlIjoiYWxRd3hjOEVic2hnNVl4aitMd3ZMdz09IiwibWFjIjoiNzViOTY1ZTQwZWFiNGUwODQyODNlMWU1MTcxYTM3ZWU2Y2MyMmQxYjE5OTE5MjEwMjM4NWE1Njg0M2U0ZmJhZSIsInRhZyI6IiJ9&standardNumber=IS%20457:1957,REFERRED_IN_STANDARD,2026.0,outgoing
IS 455:2015,Portland slag cement - Specification (fifth revision),IS 458:2021,Precast Concrete Pipes (with and without Reinforcement) -,Current,https://standards.bis.gov.in/website/standard-details?encryptedId=eyJpdiI6IjZnVkU3MFROWEdHbmpoN0N5M0lMbGc9PSIsInZhbHVlIjoiVS9TczNxRGRhbjVMYlByWldHTmZQZz09IiwibWFjIjoiNTIwNDQ5MWQxMWRlOTdjZDVjYTA4OWRiOTY2OGZhYjg1MTg1M2Y2YmJlYzM3OTRhYTE4OTFjZDI2ODhlODlmMyIsInRhZyI6IiJ9&standardNumber=IS%20458:2021,REFERRED_IN_STANDARD,2026.0,outgoing
IS 8043:1991,Hydrophobic Portland Cement - Specification (Second Revision),IS 458:2021,Precast Concrete Pipes (with and without Reinforcement) -,Current,https://standards.bis.gov.in/website/standard-details?encryptedId=eyJpdiI6IjZnVkU3MFROWEdHbmpoN0N5M0lMbGc9PSIsInZhbHVlIjoiVS9TczNxRGRhbjVMYlByWldHTmZQZz09IiwibWFjIjoiNTIwNDQ5MWQxMWRlOTdjZDVjYTA4OWRiOTY2OGZhYjg1MTg1M2Y2YmJlYzM3OTRhYTE4OTFjZDI2ODhlODlmMyIsInRhZyI6IiJ9&standardNumber=IS%20458:2021,REFERRED_IN_STANDARD,2026.0,outgoing
IS 8043:1991,Hydrophobic Portland Cement - Specification (Second Revision),IS 1332:1986,precast reinforced concrete street lighting poles,Current,https://standards.bis.gov.in/website/standard-details?encryptedId=eyJpdiI6IldoRmp5N1NiYm1XNTQ5eGZuQ1pzbmc9PSIsInZhbHVlIjoiVzVTREN4WE5heTlJOFJrNTBMcURpQT09IiwibWFjIjoiMTkxN2JiYzU2NGExMTVjMjI3ODBkOGExOTQ4NWRmMWNlZjBjOWZmMmE1NDQ2MjJiOGU4N2U0ZTRmOWRlN2U4OCIsInRhZyI6IiJ9&standardNumber=IS%201332:1986,REFERRED_IN_STANDARD,2025.0,outgoing
IS 8043:1991,Hydrophobic Portland Cement - Specification (Second Revision),IS 2185 (Part 1):2005,Concrete masonry units - Specification: Part 1 hollow and solid concrete blocks (Third Revision),Current,https://standards.bis.gov.in/website/standard-details?encryptedId=eyJpdiI6IitZcmZJaytYU2I1NW5xZzFUYTJTQkE9PSIsInZhbHVlIjoiR3Y1NUhsV0Vka2pyalBQR2srL2UrQT09IiwibWFjIjoiNWYzZDQ2ZTIxYjg1NWZkMmEyZTg2MmNiNDBkOWE4MTk4YWQ2OWE5ZmUxZTU5NWZhN2EyMjc3OTA2OGRhODEwOCIsInRhZyI6IiJ9&standardNumber=IS%202185%20(Part%201):2005,REFERRED_IN_STANDARD,2025.0,outgoing
IS 8043:1991,Hydrophobic Portland Cement - Specification (Second Revision),IS 2185 (Part 2):1983,Specification for concrete masonry units: Part 2 hollow and solid lightweight concrete blocks (First Revision),Current,https://standards.bis.gov.in/website/standard-details?encryptedId=eyJpdiI6ImlJd2cvY2VqSzZvaWlTWlU5Y0xCTXc9PSIsInZhbHVlIjoiUVVSa2JrVTJNKzRFRUcwZWhGZTg4Zz09IiwibWFjIjoiNDFlZWVkMTE4OGZkYWNjYzRkMWI0Yzc1MjMzYTEyZmFkZWJhY2Q3NDVkZDlhNjAxY2Y3NzA3YjVjNjE2Yzk2MCIsInRhZyI6IiJ9&standardNumber=IS%202185%20(Part%202):1983,REFERRED_IN_STANDARD,2025.0,outgoing
IS 8043:1991,Hydrophobic Portland Cement - Specification (Second Revision),IS 2185 (Part 3):1984,Concrete Masonry Units Part 3 Autoclaved Cellular Aerated Concrete Blocks,Current,https://standards.bis.gov.in/website/standard-details?encryptedId=eyJpdiI6Imt3c2VvZTFHUVRWRmlZOWhjS2hmYmc9PSIsInZhbHVlIjoiZWpWTGxKdXZrdTVXQkhUeXhkMkh5dz09IiwibWFjIjoiZGNiZjYwY2ZmODg0ZDE3ZjgxZjUyYWUwYTQ0ZDA5YTEyNGJkNmIxMWNhMjFkNDRiODk1M2ViMTQ4ODZhNDk5MSIsInRhZyI6IiJ9&standardNumber=IS%202185%20(Part%203):1984,REFERRED_IN_STANDARD,2025.0,outgoing
IS 18189:2023,Portland Calcined Clay Limestone Cement - Specification,IS 16709:2017,"Textiles - Polypropylene (PP) woven, laminated, block bottom valve sacks for packaging of 50 kg cement - Specification",Current,https://standards.bis.gov.in/website/standard-details?encryptedId=eyJpdiI6IlBzL1ZYYUxJU0N5QmNwOVkwaVF4bmc9PSIsInZhbHVlIjoibnJXNHpUQkpwNTE5QVdFamlRb3diZz09IiwibWFjIjoiN2I0NDA2ODk0YzVhN2VmZDFjMDNkMjgyMWI1MjQ1ODc0M2I4NDM4NjAxMGVjODcxODQ1OGRkMDgyM2RmZDVjMCIsInRhZyI6IiJ9&standardNumber=IS%2016709:2017,REFERRED_BY_STANDARD,2026.0,outgoing
IS 18189:2023,Portland Calcined Clay Limestone Cement - Specification,IS 16353:2015,Portland Cement Clinker - Specification,Current,https://standards.bis.gov.in/website/standard-details?encryptedId=eyJpdiI6ImRPdGcvN2lzeUxZVkVpT2pYQWZiTUE9PSIsInZhbHVlIjoib2RkWjZCTyt1TXFCRDNmSDdYUmVIdz09IiwibWFjIjoiMmJkNjUwNmUzODcyN2Q2Yjg4MWE3YmIxZTI5YjQxNzU4OTBlYTQyOGI4MGVjMzhlMTFkYWUxNTVmZDgxZTU2MiIsInRhZyI6IiJ9&standardNumber=IS%2016353:2015,REFERRED_BY_STANDARD,2025.0,outgoing
IS 18189:2023,Portland Calcined Clay Limestone Cement - Specification,IS 11761:2024,MULTI-WALL PAPER SACKS FOR CEMENT- SPECIFICATION ( Second Revision ),Current,https://standards.bis.gov.in/website/standard-details?encryptedId=eyJpdiI6InFSbTkwQW5naUFmcVlFTG53S0tjSHc9PSIsInZhbHVlIjoiK1dvS01yRnNuT2JwRTJucUdMSHIrZz09IiwibWFjIjoiNWZlMzU1YzJmZTdiNTliYmNiNjM0YzhhMDhmOTYzZWExZTI1YTgzMTRmNjI5N2JjZDgzYzY5ZWJiN2Y1YjczMyIsInRhZyI6IiJ9&standardNumber=IS%2011761:2024,REFERRED_BY_STANDARD,2024.0,outgoing
IS 18189:2023,Portland Calcined Clay Limestone Cement - Specification,IS 4031 (Part 10):1988,Methods of Physical Tests for Hydraulic Cement: Part 10 Determination of Drying Shrinkage (First Revision),Current,https://standards.bis.gov.in/website/standard-details?encryptedId=eyJpdiI6Imo3UjFOVW56SWN0ZDFuek9hU2NuWWc9PSIsInZhbHVlIjoiRzYyaGk4TUphaXBnUkRGZ0tSL05WQT09IiwibWFjIjoiY2E2ZTdkYjNiNGRjMjlkNzQ4YmNkNTA4NDY2MzEzN2MwNTUxYzBkYWY4ZmU2NjEzMWNiMTg5MTA2Nzg4MDI5MyIsInRhZyI6IiJ9&standardNumber=IS%204031%20(Part%2010):1988,REFERRED_BY_STANDARD,2024.0,outgoing
IS 18189:2023,Portland Calcined Clay Limestone Cement - Specification,IS 4031 (Part 3):1988,Methods of Physical Tests for Hydraulic Cement: Part 3 Determination of Soundness (First Revision),Current,https://standards.bis.gov.in/website/standard-details?encryptedId=eyJpdiI6InBWNXBjVGMycHlSeEdzQzNJRVBZWmc9PSIsInZhbHVlIjoiMHZmVWpESGJIUmpFRmFrcnhONk5ZZz09IiwibWFjIjoiOWI0MTkyMmI1ZTQwNmE0YWJkYThkZWFiNDNkMGY0MDU3ZWViYWFiOWJjMjVkYTM0Y2VkYzkxMmZiZmYyYmNmMSIsInRhZyI6IiJ9&standardNumber=IS%204031%20(Part%203):1988,REFERRED_BY_STANDARD,2024.0,outgoing
IS 1489 (Part 2):2015,Portland Pozzolana Cement - Specification: Part 2 Calcined Clay Based (Fourth Revision),IS 12423:1988,Method for Colorimetric analysis of Hydraulic Cement,Current,https://standards.bis.gov.in/website/standard-details?encryptedId=eyJpdiI6ImtZSUxTWkJKTkxxcHhhS1NwRmVFZ1E9PSIsInZhbHVlIjoiRU4vdVc1cEliRDVxTGxFRU05bE8rUT09IiwibWFjIjoiZjRhMzE2NTAwNzg4OGVjYWI0MjQ2MWI5ZmQ5ZGM3ZDAxMjZiZTlhNTEyMzcyMDAyN2MzNDNjYTY2MGJlODY0YiIsInRhZyI6IiJ9&standardNumber=IS%2012423:1988,REFERRED_BY_STANDARD,2026.0,outgoing
IS 1489 (Part 2):2015,Portland Pozzolana Cement - Specification: Part 2 Calcined Clay Based (Fourth Revision),IS 14835:2000,Guidelines for estimating unit rate of items of works in construction of rubble masonry for river valley projects,Current,https://standards.bis.gov.in/website/standard-details?encryptedId=eyJpdiI6IndCbktoQytBYWtLRXdlUzA2bzBFUGc9PSIsInZhbHVlIjoiWUZUNmRNT0R1a2dLbTh6UlBLNC9adz09IiwibWFjIjoiZmM3YzA1NTJjNjE0OTgxNzQ2NWNjN2FmZmUzNWI1MmI1YzNhNjA5YzU1NzZlNTkzOWExOWY4YmMwNWFjYWE2OSIsInRhZyI6IiJ9&standardNumber=IS%2014835:2000,REFERRED_IN_STANDARD,2026.0,outgoing
IS 1489 (Part 2):2015,Portland Pozzolana Cement - Specification: Part 2 Calcined Clay Based (Fourth Revision),IS 2911 (Part 3):2021,Design and construction of pile foundations - Code of practice: Part 3 Under-reamed piles (second revision),Current,https://standards.bis.gov.in/website/standard-details?encryptedId=eyJpdiI6IlFRVDRNVnVkOVVqbXNpYTlIdktpV1E9PSIsInZhbHVlIjoidWpsSTBDbTZYVHo5UktZTS82OG5vdz09IiwibWFjIjoiMjQwZGM1MDhhY2NlNGQ4ZjQ3YjcwYTU1OGMxZTAwMGY3MWFkY2IzZGE5MTI1ZjQ3MmFiZTRiZDg1ZjFlZDg0MCIsInRhZyI6IiJ9&standardNumber=IS%202911%20(Part%203):2021,REFERRED_IN_STANDARD,2026.0,outgoing
IS 1489 (Part 2):2015,Portland Pozzolana Cement - Specification: Part 2 Calcined Clay Based (Fourth Revision),IS 458:2021,Precast Concrete Pipes (with and without Reinforcement) -,Current,https://standards.bis.gov.in/website/standard-details?encryptedId=eyJpdiI6IjZnVkU3MFROWEdHbmpoN0N5M0lMbGc9PSIsInZhbHVlIjoiVS9TczNxRGRhbjVMYlByWldHTmZQZz09IiwibWFjIjoiNTIwNDQ5MWQxMWRlOTdjZDVjYTA4OWRiOTY2OGZhYjg1MTg1M2Y2YmJlYzM3OTRhYTE4OTFjZDI2ODhlODlmMyIsInRhZyI6IiJ9&standardNumber=IS%20458:2021,REFERRED_IN_STANDARD,2026.0,outgoing
IS 1489 (Part 2):2015,Portland Pozzolana Cement - Specification: Part 2 Calcined Clay Based (Fourth Revision),IS 11155:2019,Construction of spillways and similar overflow structures - Code of practice (Second Revision),Current,https://standards.bis.gov.in/website/standard-details?encryptedId=eyJpdiI6Inh1VHBWenV6NTVPbkJPVSs1Yjh0Q2c9PSIsInZhbHVlIjoiNmE4TzdZa0d3RHgwQ0REOGJBencrUT09IiwibWFjIjoiYWEzZjBlZGU3ZDk3ZjE5NzE5NTI3ZjA0MDc2ZDkzMTQzZDY5ZWZiMDcyZmZiMjIyMjMzY2NjMDM2NDk0NTM2ZSIsInRhZyI6IiJ9&standardNumber=IS%2011155:2019,REFERRED_IN_STANDARD,2025.0,outgoing
IS 12600:1989,"Portland Cement, Low Heat - specification",IS 2911 (Part 1/Sec 3):2010,Design and Construction of Pile Foundations — Code Of Practice Part 1 Concrete Piles: Section 3 Driven Precast Concrete Piles (Second Revision),Current,https://standards.bis.gov.in/website/standard-details?encryptedId=eyJpdiI6IklKa2JPQ1BFN3Yxdk1MZCtuNU1XNHc9PSIsInZhbHVlIjoibU54MGVZRnZVT29GYXJ2MEVVb3RMUT09IiwibWFjIjoiZTJmMGU3NDZmMGM5YzBhOGIwYWQ4MTA3NDAxYWI5NjRlNzU0ZDIxMTg3MzQ5ZDE2NGYzMmYzYmI5MTMwMzZlMSIsInRhZyI6IiJ9&standardNumber=IS%202911%20(Part%201%2FSec%203):2010,REFERRED_IN_STANDARD,2025.0,outgoing
IS 12600:1989,"Portland Cement, Low Heat - specification",IS 456:2000,Plain and reinforced concrete - Code of practice (Fourth Revision),Current,https://standards.bis.gov.in/website/standard-details?encryptedId=eyJpdiI6IjlQWUZwcS9CcTRISzdPTG9VckUzV3c9PSIsInZhbHVlIjoiNlFxcDJDVFFhWEhRajhyS3ZqcXdodz09IiwibWFjIjoiMzUzNTM5ZTQ1MDRmNWZkZjAyYjdjZmEzM2FkNTZhYTZjYzIwOWFmYTQxMGJlYmY1MjdhYTczOGRlZTc0ZWFjYSIsInRhZyI6IiJ9&standardNumber=IS%20456:2000,REFERRED_IN_STANDARD,2025.0,outgoing
IS 12600:1989,"Portland Cement, Low Heat - specification",IS 11761:2024,MULTI-WALL PAPER SACKS FOR CEMENT- SPECIFICATION ( Second Revision ),Current,https://standards.bis.gov.in/website/standard-details?encryptedId=eyJpdiI6InFSbTkwQW5naUFmcVlFTG53S0tjSHc9PSIsInZhbHVlIjoiK1dvS01yRnNuT2JwRTJucUdMSHIrZz09IiwibWFjIjoiNWZlMzU1YzJmZTdiNTliYmNiNjM0YzhhMDhmOTYzZWExZTI1YTgzMTRmNjI5N2JjZDgzYzY5ZWJiN2Y1YjczMyIsInRhZyI6IiJ9&standardNumber=IS%2011761:2024,REFERRED_BY_STANDARD,2024.0,outgoing
IS 12600:1989,"Portland Cement, Low Heat - specification",IS 1343:2012,Prestressed Concrete - Code of Practice (Second Revision),Current,https://standards.bis.gov.in/website/standard-details?encryptedId=eyJpdiI6IkhsVkZCSHJaRy9zVVc2QXhmaFVyNlE9PSIsInZhbHVlIjoiUGVXSWlwaDJlem0rYStDeDJvc1Jldz09IiwibWFjIjoiYTNkODMzZjJhNWE0N2RlNjFkYjM5ODBjOTRmYTllMjhkOTZiOTU5YTk0MWQzMzA0MzQ5ZWU2ZGJkYmNhMjhjNyIsInRhZyI6IiJ9&standardNumber=IS%201343:2012,REFERRED_BY_STANDARD,2024.0,incoming
IS 12600:1989,"Portland Cement, Low Heat - specification",IS 3535:1986,Methods of Sampling Hydraulic Cement (First revision),Current,https://standards.bis.gov.in/website/standard-details?encryptedId=eyJpdiI6IjM3RURGQjRMUmtXTkcyQ2x2dFpiS1E9PSIsInZhbHVlIjoic1JWVnU2TnJ1bDJVS1Y4WnUyRUJzdz09IiwibWFjIjoiZjZlZDU5ZTAzOTMyYTVmNGZjMzQzNWIyNGVkNmZiYTdkODk2ODFjZGM4MGNhYmFkMWI2Mzc1ZDUxZTg0YjQxYiIsInRhZyI6IiJ9&standardNumber=IS%203535:1986,REFERRED_IN_STANDARD,2024.0,incoming
IS 1489 (Part 1):2015,Portland Pozzolana Cement - Specification: Part 1 fly Ash Based (Fourth Revision),IS 12423:1988,Method for Colorimetric analysis of Hydraulic Cement,Current,https://standards.bis.gov.in/website/standard-details?encryptedId=eyJpdiI6ImtZSUxTWkJKTkxxcHhhS1NwRmVFZ1E9PSIsInZhbHVlIjoiRU4vdVc1cEliRDVxTGxFRU05bE8rUT09IiwibWFjIjoiZjRhMzE2NTAwNzg4OGVjYWI0MjQ2MWI5ZmQ5ZGM3ZDAxMjZiZTlhNTEyMzcyMDAyN2MzNDNjYTY2MGJlODY0YiIsInRhZyI6IiJ9&standardNumber=IS%2012423:1988,REFERRED_BY_STANDARD,2026.0,outgoing
IS 1489 (Part 1):2015,Portland Pozzolana Cement - Specification: Part 1 fly Ash Based (Fourth Revision),IS 14835:2000,Guidelines for estimating unit rate of items of works in construction of rubble masonry for river valley projects,Current,https://standards.bis.gov.in/website/standard-details?encryptedId=eyJpdiI6IndCbktoQytBYWtLRXdlUzA2bzBFUGc9PSIsInZhbHVlIjoiWUZUNmRNT0R1a2dLbTh6UlBLNC9adz09IiwibWFjIjoiZmM3YzA1NTJjNjE0OTgxNzQ2NWNjN2FmZmUzNWI1MmI1YzNhNjA5YzU1NzZlNTkzOWExOWY4YmMwNWFjYWE2OSIsInRhZyI6IiJ9&standardNumber=IS%2014835:2000,REFERRED_IN_STANDARD,2026.0,outgoing
IS 1489 (Part 1):2015,Portland Pozzolana Cement - Specification: Part 1 fly Ash Based (Fourth Revision),IS 2911 (Part 3):2021,Design and construction of pile foundations - Code of practice: Part 3 Under-reamed piles (second revision),Current,https://standards.bis.gov.in/website/standard-details?encryptedId=eyJpdiI6IlFRVDRNVnVkOVVqbXNpYTlIdktpV1E9PSIsInZhbHVlIjoidWpsSTBDbTZYVHo5UktZTS82OG5vdz09IiwibWFjIjoiMjQwZGM1MDhhY2NlNGQ4ZjQ3YjcwYTU1OGMxZTAwMGY3MWFkY2IzZGE5MTI1ZjQ3MmFiZTRiZDg1ZjFlZDg0MCIsInRhZyI6IiJ9&standardNumber=IS%202911%20(Part%203):2021,REFERRED_IN_STANDARD,2026.0,outgoing
IS 1489 (Part 1):2015,Portland Pozzolana Cement - Specification: Part 1 fly Ash Based (Fourth Revision),IS 3370 (Part 1):2021,Concrete Structures for Retaining Aqueous Liquids - Code of Practice : Part 1 General Requirements (Second Revision),Current,https://standards.bis.gov.in/website/standard-details?encryptedId=eyJpdiI6Ik9xWWpObFZZaDJXVzgxWG9GaS8xNkE9PSIsInZhbHVlIjoiVmYzU1dZcnBMOHVSU29QT1ZQR2VRUT09IiwibWFjIjoiZjY5NzQwNDA2Zjk4NTE3Y2IzY2FkNTdjMWZkOTg2YTYwNTBhYTg5YWU5OWRjZDJhMzhlYTM1YzczMTdkYmE0NiIsInRhZyI6IiJ9&standardNumber=IS%203370%20(Part%201):2021,REFERRED_IN_STANDARD,2026.0,outgoing
IS 1489 (Part 1):2015,Portland Pozzolana Cement - Specification: Part 1 fly Ash Based (Fourth Revision),IS 458:2021,Precast Concrete Pipes (with and without Reinforcement) -,Current,https://standards.bis.gov.in/website/standard-details?encryptedId=eyJpdiI6IjZnVkU3MFROWEdHbmpoN0N5M0lMbGc9PSIsInZhbHVlIjoiVS9TczNxRGRhbjVMYlByWldHTmZQZz09IiwibWFjIjoiNTIwNDQ5MWQxMWRlOTdjZDVjYTA4OWRiOTY2OGZhYjg1MTg1M2Y2YmJlYzM3OTRhYTE4OTFjZDI2ODhlODlmMyIsInRhZyI6IiJ9&standardNumber=IS%20458:2021,REFERRED_IN_STANDARD,2026.0,outgoing
